"id","plaid_id","name","user_id"
"a0pb0uvixriasvgtx973zrtd","14002004","Healthcare, Physicians, Psychiatrists","user_2t7LPELjl3DoCTAUop6S5ONUFVL"
"a0vi23yrxz9vgiy5f7h7xlso","13005013","Food and Drink, Restaurants, Moroccan","user_2t7LPELjl3DoCTAUop6S5ONUFVL"
"a240y1baeqle4n9oeaavrrl9","19012001","Shops, Clothing and Accessories, Women's Store","user_2t7LPELjl3DoCTAUop6S5ONUFVL"
"a42ik9xzz1o323uq7z239fz9","14002012","Healthcare, Physicians, Neurologists","user_2t7LPELjl3DoCTAUop6S5ONUFVL"
"a4hktujqz24ty7yxudu9cm8f","13005005","Food and Drink, Restaurants, Swiss","user_2t7LPELjl3DoCTAUop6S5ONUFVL"
"a4n2t2wgj5iqneds53vcyi0j","18045007","Service, Personal Care, Manicures and Pedicures","user_2t7LPELjl3DoCTAUop6S5ONUFVL"
"a4yevvpl5gfyzsg4lftgke26","18064000","Service, Textiles","user_2t7LPELjl3DoCTAUop6S5ONUFVL"
"a6jt5nr8ss4r4hze3ud4mazp","17027001","Recreation, Parks, Playgrounds","user_2t7LPELjl3DoCTAUop6S5ONUFVL"
"a6vyupv0b6sl8nov740v822u","21010004","Transfer, Third Party, PayPal","user_2t7LPELjl3DoCTAUop6S5ONUFVL"
"a8ldp0z3ju1wna9hsqenippa","21010011","Transfer, Third Party, Plaid","user_2t7LPELjl3DoCTAUop6S5ONUFVL"
"a9txlgymt48g8hskntke2u74","18010000","Service, Chemicals and Gasses","user_2t7LPELjl3DoCTAUop6S5ONUFVL"
"adk8acz6757qt0t3p03zde96","13005045","Food and Drink, Restaurants, Caribbean","user_2t7LPELjl3DoCTAUop6S5ONUFVL"
"aec58uxn0zd94tmo2q85k5qo","17000000","Recreation","user_2t7LPELjl3DoCTAUop6S5ONUFVL"
"agh3gyga13ndu7ap6ymegqpd","12008006","Community, Education, Dance Schools","user_2t7LPELjl3DoCTAUop6S5ONUFVL"
"ah1r6hubc1nm050n9hcddieg","18019000","Service, Events and Event Planning","user_2t7LPELjl3DoCTAUop6S5ONUFVL"
"alko3gxx8py5qz2rrl4egr5k","18074000","Service, Art and Graphic Design","user_2t7LPELjl3DoCTAUop6S5ONUFVL"
"anjqhfb7k6ohq454etfdefr4","19040008","Shops, Outlet, Accessories Store","user_2t7LPELjl3DoCTAUop6S5ONUFVL"
"apkxyoozc2qi2uhi9d1lbe07","19008000","Shops, Boat Dealers","user_2t7LPELjl3DoCTAUop6S5ONUFVL"
"aq0nfcmgstw5bjxiq4vhk8mv","18037015","Service, Manufacturing, Rubber Products","user_2t7LPELjl3DoCTAUop6S5ONUFVL"
"aqzlg8t2rku2zxz9e6s7ip4m","17006000","Recreation, Boating","user_2t7LPELjl3DoCTAUop6S5ONUFVL"
"arlsc17189truzhrw1ra0fbc","18024001","Service, Home Improvement, Upholstery","user_2t7LPELjl3DoCTAUop6S5ONUFVL"
"arqpu3uq9e2t6e7edtdb6o0w","17031000","Recreation, Racquetball","user_2t7LPELjl3DoCTAUop6S5ONUFVL"
"as0s33sq6wj7e4fk7rf6ijeu","18024017","Service, Home Improvement, Home Inspection Services","user_2t7LPELjl3DoCTAUop6S5ONUFVL"
"as7gpjkcj7aea4ab7tbrprls","13004005","Food and Drink, Nightlife, Hookah Lounges","user_2t7LPELjl3DoCTAUop6S5ONUFVL"
"awg6a6mrhv7kyt99w3jx9dh7","22012005","Travel, Lodging, Cottages and Cabins","user_2t7LPELjl3DoCTAUop6S5ONUFVL"
"b1eg3plbhkv3c0bkwx1hmtve","18024014","Service, Home Improvement, Kitchens","user_2t7LPELjl3DoCTAUop6S5ONUFVL"
"b3fqncxh6p89enm67iy2z6nd","12011000","Community, Housing Assistance and Shelters","user_2t7LPELjl3DoCTAUop6S5ONUFVL"
"b4zdsj4lzzv9kf25v4081yl2","17024000","Recreation, Miniature Golf","user_2t7LPELjl3DoCTAUop6S5ONUFVL"
"b6f03ka3gszlz5v24vkw1krp","12008000","Community, Education","user_2t7LPELjl3DoCTAUop6S5ONUFVL"
"b6vor1f0u1eenjgz7bs9wmq0","12008004","Community, Education, Fraternities and Sororities","user_2t7LPELjl3DoCTAUop6S5ONUFVL"
"b8qh69g2je9o9tmqxsc8mj1t","22001000","Travel, Airlines and Aviation Services","user_2t7LPELjl3DoCTAUop6S5ONUFVL"
"b919npi1yga1gikns1rzyfqz","22006000","Travel, Car Service","user_2t7LPELjl3DoCTAUop6S5ONUFVL"
"b9ey6wecqxri4japmkbc4hyr","19040002","Shops, Outlet, Swimwear","user_2t7LPELjl3DoCTAUop6S5ONUFVL"
"b9gx11lvpj2nfq4phnicagwz","18024005","Service, Home Improvement, Roofers","user_2t7LPELjl3DoCTAUop6S5ONUFVL"
"b9nj3qmoyyqlnwio7e8toris","17003000","Recreation, Baseball","user_2t7LPELjl3DoCTAUop6S5ONUFVL"
"bb65u7jpwnum05mj1s3r8kmo","13005057","Food and Drink, Restaurants, American","user_2t7LPELjl3DoCTAUop6S5ONUFVL"
"bdeg3hbnijqhfwxqcmx4tfjt","17042000","Recreation, Sports Clubs","user_2t7LPELjl3DoCTAUop6S5ONUFVL"
"bf5ys6wtgvq47okxkyzmjvx0","17025003","Recreation, Outdoors, Lakes","user_2t7LPELjl3DoCTAUop6S5ONUFVL"
"bhpfgzvzv78cx49n9w9nsx5n","18020011","Service, Financial, Business Brokers and Franchises","user_2t7LPELjl3DoCTAUop6S5ONUFVL"
"bi46hakx4irpk0ugp72793g6","18049000","Service, Rail","user_2t7LPELjl3DoCTAUop6S5ONUFVL"
"bionsp5bgrf47p1pgzd8fjbt","17046000","Recreation, Water Sports","user_2t7LPELjl3DoCTAUop6S5ONUFVL"
"bjo9ief75379po9lu28s77s4","18013009","Service, Construction, Carpet and Flooring","user_2t7LPELjl3DoCTAUop6S5ONUFVL"
"bkkxx0gcw1hrobbzadogbq1k","14001016","Healthcare, Healthcare Services, Alternative Medicine","user_2t7LPELjl3DoCTAUop6S5ONUFVL"
"bkzpj9gt42ohdkinyrspwz6i","19007000","Shops, Bicycles","user_2t7LPELjl3DoCTAUop6S5ONUFVL"
"bnt84fl0wzsi1r98azxouloy","13004001","Food and Drink, Nightlife, Strip Club","user_2t7LPELjl3DoCTAUop6S5ONUFVL"
"bockmbbxquk85tpdejtchvi5","13005056","Food and Drink, Restaurants, Asian","user_2t7LPELjl3DoCTAUop6S5ONUFVL"
"btbhyn121efjmmj639n89mf4","18012001","Service, Computers, Maintenance and Repair","user_2t7LPELjl3DoCTAUop6S5ONUFVL"
"btrzq5r5ht6x2vbzr21o59hc","12002002","Community, Assisted Living Services, Caretakers","user_2t7LPELjl3DoCTAUop6S5ONUFVL"
"bu7oc7vslji82qffa2qlx35r","12015002","Community, Organizations and Associations, Environmental","user_2t7LPELjl3DoCTAUop6S5ONUFVL"
"bv6wlrjmkjyb94htzn3shxqu","13005011","Food and Drink, Restaurants, Portuguese","user_2t7LPELjl3DoCTAUop6S5ONUFVL"
"byblpv2xgpsq7e7q4r606h49","17002000","Recreation, Athletic Fields","user_2t7LPELjl3DoCTAUop6S5ONUFVL"
"bz19yuucgjnv58c3xvpllgod","19006000","Shops, Beauty Products","user_2t7LPELjl3DoCTAUop6S5ONUFVL"
"c085b4ejzni9b3m4y2s2c7hs","18050008","Service, Real Estate, Boarding Houses","user_2t7LPELjl3DoCTAUop6S5ONUFVL"
"c1wmz6d5mxqgxd55qdyhev2y","14002005","Healthcare, Physicians, Plastic Surgeons","user_2t7LPELjl3DoCTAUop6S5ONUFVL"
"c42xsneehw0z8dkmafp01dxo","18035000","Service, Machine Shops","user_2t7LPELjl3DoCTAUop6S5ONUFVL"
"c5jlx0mhr2wlivf01nh1zzep","17023002","Recreation, Landmarks, Historic Sites","user_2t7LPELjl3DoCTAUop6S5ONUFVL"
"c6iv4kf67brtuapeux5awz6t","19040004","Shops, Outlet, Men's Store","user_2t7LPELjl3DoCTAUop6S5ONUFVL"
"c6rzmfp1beczz92wfkjuppim","22004000","Travel, Bus Stations","user_2t7LPELjl3DoCTAUop6S5ONUFVL"
"c796tss9xta3q4csvtc0atjv","18037010","Service, Manufacturing, Metal Products","user_2t7LPELjl3DoCTAUop6S5ONUFVL"
"c8ks9g37j6vzp1ivsefgb8vh","19001000","Shops, Adult","user_2t7LPELjl3DoCTAUop6S5ONUFVL"
"c9f0s8m7xb14wctxchcwz1q1","16003000","Payment, Loan","user_2t7LPELjl3DoCTAUop6S5ONUFVL"
"ca6e2d2f0zuc3qtweaqqqlmx","13003000","Food and Drink, Internet Cafes","user_2t7LPELjl3DoCTAUop6S5ONUFVL"
"cbvbwk6x9p6t4i3rcr8rzq2w","12008005","Community, Education, Driving Schools","user_2t7LPELjl3DoCTAUop6S5ONUFVL"
"cejubdljflv4ffn32rj9p6z7","17001019","Recreation, Arts and Entertainment, Aquarium","user_2t7LPELjl3DoCTAUop6S5ONUFVL"
"ceysjn1gw4qqzj2tnqz4a4ul","18068003","Service, Utilities, Heating, Ventilating, and Air Conditioning","user_2t7LPELjl3DoCTAUop6S5ONUFVL"
"cf5xnn1fjuasffmpr0046w54","18024000","Service, Home Improvement","user_2t7LPELjl3DoCTAUop6S5ONUFVL"
"cimzej19njitnxfuo7z85ggl","13005059","Food and Drink, Restaurants, Afghan","user_2t7LPELjl3DoCTAUop6S5ONUFVL"
"cjl7wg8l0734ltyxgdb2xohp","18001006","Service, Advertising and Marketing, Online Advertising","user_2t7LPELjl3DoCTAUop6S5ONUFVL"
"cjlueps6uhspa1rhyg24bvpz","14002018","Healthcare, Physicians, Dermatologists","user_2t7LPELjl3DoCTAUop6S5ONUFVL"
"cjv3km1gwdsw3wdiznchzwz3","12002001","Community, Assisted Living Services, Facilities and Nursing Homes","user_2t7LPELjl3DoCTAUop6S5ONUFVL"
"cmef83eoiyv01qdduocioon4","14001001","Healthcare, Healthcare Services, Psychologists","user_2t7LPELjl3DoCTAUop6S5ONUFVL"
"cnjjxks0oe104o1s4o0n3lus","18012000","Service, Computers","user_2t7LPELjl3DoCTAUop6S5ONUFVL"
"coylz9mi2z2hwbeytuin10j7","19052000","Shops, Wedding and Bridal","user_2t7LPELjl3DoCTAUop6S5ONUFVL"
"cs4d7ibrdjc1ndhbo9hdrq1x","13005034","Food and Drink, Restaurants, Ethiopian","user_2t7LPELjl3DoCTAUop6S5ONUFVL"
"cshxenl8qvrwfac1ywyxtccf","18024003","Service, Home Improvement, Swimming Pool Maintenance and Services","user_2t7LPELjl3DoCTAUop6S5ONUFVL"
"cu4d9im9fdy52z1511a71lni","18055000","Service, Rubber","user_2t7LPELjl3DoCTAUop6S5ONUFVL"
"cwj89rl0tszomuduzrri2qy0","19031000","Shops, Hobby and Collectibles","user_2t7LPELjl3DoCTAUop6S5ONUFVL"
"cxa3qu28kldvc1axpfzdnfg3","17001017","Recreation, Arts and Entertainment, Art Dealers and Galleries","user_2t7LPELjl3DoCTAUop6S5ONUFVL"
"cygnb393wh4s45fp2zwese0b","21012000","Transfer, Withdrawal","user_2t7LPELjl3DoCTAUop6S5ONUFVL"
"czuusjjnp9ubauaw4fip21rt","22015000","Travel, Rail","user_2t7LPELjl3DoCTAUop6S5ONUFVL"
"d1zvinw1uf5zh7cwqrld94yc","18040001","Service, Mining, Coal","user_2t7LPELjl3DoCTAUop6S5ONUFVL"
"d2eo3l2sh8jgi3l8fqx2a4tz","17023000","Recreation, Landmarks","user_2t7LPELjl3DoCTAUop6S5ONUFVL"
"d2wbjnwhsu9npca8yf1jemo0","18024008","Service, Home Improvement, Pest Control","user_2t7LPELjl3DoCTAUop6S5ONUFVL"
"d6teyceicm55tkrrw41d2v4k","19019000","Shops, Digital Purchase","user_2t7LPELjl3DoCTAUop6S5ONUFVL"
"d7hxduqby2uhc89jnuypllw7","13005054","Food and Drink, Restaurants, Bagel Shop","user_2t7LPELjl3DoCTAUop6S5ONUFVL"
"ddtw3tyik9yvu7oaegxcox0h","14002008","Healthcare, Physicians, Orthopedic Surgeons","user_2t7LPELjl3DoCTAUop6S5ONUFVL"
"dep2xs2q0k3n7gpz4gwtbggr","10006000","Bank Fees, Wire Transfer","user_2t7LPELjl3DoCTAUop6S5ONUFVL"
"dg3zebialhdgixs55pmy5nxz","21002000","Transfer, ACH","user_2t7LPELjl3DoCTAUop6S5ONUFVL"
"dgi4xa8zhz5noirogy68nm7x","17033000","Recreation, Recreation Centers","user_2t7LPELjl3DoCTAUop6S5ONUFVL"
"dgllphi2ikf8bprlyozweq3l","18001009","Service, Advertising and Marketing, Creative Services","user_2t7LPELjl3DoCTAUop6S5ONUFVL"
"dime4e6qxf6icw5fllp2feh8","19040006","Shops, Outlet, Kids' Store","user_2t7LPELjl3DoCTAUop6S5ONUFVL"
"diypxfthsy7l9dn05bo0zu8d","13005009","Food and Drink, Restaurants, Seafood","user_2t7LPELjl3DoCTAUop6S5ONUFVL"
"dk0wneb8c23nlx35941d49aa","17023004","Recreation, Landmarks, Buildings and Structures","user_2t7LPELjl3DoCTAUop6S5ONUFVL"
"dkztdr4hepwc0qi1zebyrx5p","17019000","Recreation, Hiking","user_2t7LPELjl3DoCTAUop6S5ONUFVL"
"dnzm2a7eszgtg4km4exgv1cq","14002013","Healthcare, Physicians, Internal Medicine","user_2t7LPELjl3DoCTAUop6S5ONUFVL"
"doh3pu8htskxpsnox3stadoa","14000000","Healthcare","user_2t7LPELjl3DoCTAUop6S5ONUFVL"
"dp1xqbwgyzsff1evmch6ixe0","22009000","Travel, Gas Stations","user_2t7LPELjl3DoCTAUop6S5ONUFVL"
"dqmxre3k88bbq75fjvzzin6l","21007000","Transfer, Deposit","user_2t7LPELjl3DoCTAUop6S5ONUFVL"
"dr0llrjwya1hyiil2giz8tum","18006004","Service, Automotive, Car Wash and Detail","user_2t7LPELjl3DoCTAUop6S5ONUFVL"
"dr70u98hefulzruours8ad8h","18020000","Service, Financial","user_2t7LPELjl3DoCTAUop6S5ONUFVL"
"dui6sgumvlc867xfzxobdhmi","17032000","Recreation, Rafting","user_2t7LPELjl3DoCTAUop6S5ONUFVL"
"dvl0z9tlw095ti77tj9t9pmj","18024024","Service, Home Improvement, Contractors","user_2t7LPELjl3DoCTAUop6S5ONUFVL"
"dwuw6daj56gzif631qus6017","18020007","Service, Financial, Financial Planning and Investments","user_2t7LPELjl3DoCTAUop6S5ONUFVL"
"dwuwth2cm7kexy9zxbfbw72u","19000000","Shops","user_2t7LPELjl3DoCTAUop6S5ONUFVL"
"dz2r8k3tusprt5ud01if28fp","19025002","Shops, Food and Beverage Store, Health Food","user_2t7LPELjl3DoCTAUop6S5ONUFVL"
"e02q32xngurjb6hp8ha1xjt5","19028000","Shops, Gift and Novelty","user_2t7LPELjl3DoCTAUop6S5ONUFVL"
"e33xw9qphajrywwobgczkvcr","17022000","Recreation, Hunting and Fishing","user_2t7LPELjl3DoCTAUop6S5ONUFVL"
"e3hiqfxjc16o01k3qz4lv1rq","12012001","Community, Law Enforcement, Police Stations","user_2t7LPELjl3DoCTAUop6S5ONUFVL"
"e6c05lnfylw9s13a1538jiru","17038000","Recreation, Skydiving","user_2t7LPELjl3DoCTAUop6S5ONUFVL"
"e6uf79qheina24t67r9xx1wc","13005038","Food and Drink, Restaurants, Diners","user_2t7LPELjl3DoCTAUop6S5ONUFVL"
"e70kf33rh41xeod3w1t29rcy","17001007","Recreation, Arts and Entertainment, Music and Show Venues","user_2t7LPELjl3DoCTAUop6S5ONUFVL"
"e7rn9a2jur1hxtyy3bu7qsic","19011000","Shops, Children","user_2t7LPELjl3DoCTAUop6S5ONUFVL"
"e80nvempa84pw3gdlax1l1gx","19025003","Shops, Food and Beverage Store, Farmers Markets","user_2t7LPELjl3DoCTAUop6S5ONUFVL"
"e9yr8f260pn1wazq94jk9r9m","13005008","Food and Drink, Restaurants, Spanish","user_2t7LPELjl3DoCTAUop6S5ONUFVL"
"e9zt15rozax2o2904fks3tqe","18024019","Service, Home Improvement, Heating, Ventilation and Air Conditioning","user_2t7LPELjl3DoCTAUop6S5ONUFVL"
"ec5mn4halaz6wd8sg5yt8mfv","18066000","Service, Transportation","user_2t7LPELjl3DoCTAUop6S5ONUFVL"
"egqynqi6pvxc5226ddyc9xr3","22005000","Travel, Car and Truck Rentals","user_2t7LPELjl3DoCTAUop6S5ONUFVL"
"egzk44035jys233b8592ebc1","17001016","Recreation, Arts and Entertainment, Billiards and Pool","user_2t7LPELjl3DoCTAUop6S5ONUFVL"
"el8vuxp1md9fbmmujxcdvfyt","19030000","Shops, Hardware Store","user_2t7LPELjl3DoCTAUop6S5ONUFVL"
"en7p2mnlmlbqzp6yaewr67n9","17021000","Recreation, Hot Air Balloons","user_2t7LPELjl3DoCTAUop6S5ONUFVL"
"eojp22kyr1ruayamd1mq56k0","18045006","Service, Personal Care, Massage Clinics and Therapists","user_2t7LPELjl3DoCTAUop6S5ONUFVL"
"ep15jyvlaiinuu2rwuqio1ks","18070000","Service, Water and Waste Management","user_2t7LPELjl3DoCTAUop6S5ONUFVL"
"ep8tir180bxzx4p4ab0hsqeu","20000000","Tax","user_2t7LPELjl3DoCTAUop6S5ONUFVL"
"epyws3bsbjohihw93nh8le0e","13005050","Food and Drink, Restaurants, Breakfast Spot","user_2t7LPELjl3DoCTAUop6S5ONUFVL"
"eq9rz1x9f29cd0uubhavtbil","12012003","Community, Law Enforcement, Correctional Institutions","user_2t7LPELjl3DoCTAUop6S5ONUFVL"
"er3moenqo20witptg70wo0f0","14001005","Healthcare, Healthcare Services, Optometrists","user_2t7LPELjl3DoCTAUop6S5ONUFVL"
"erepyiqp9skroje9rectpz1d","17012000","Recreation, Equestrian","user_2t7LPELjl3DoCTAUop6S5ONUFVL"
"evdser9ghriblhj34nlj2hgt","18021000","Service, Food and Beverage","user_2t7LPELjl3DoCTAUop6S5ONUFVL"
"evwisdo6dkigkwjgkf3ri4m3","18030000","Service, Insurance","user_2t7LPELjl3DoCTAUop6S5ONUFVL"
"exazro2wlpshs2oqmtnmkb3k","18045005","Service, Personal Care, Piercing","user_2t7LPELjl3DoCTAUop6S5ONUFVL"
"eyz155broiqfb68ypoqzmi66","13004003","Food and Drink, Nightlife, Karaoke","user_2t7LPELjl3DoCTAUop6S5ONUFVL"
"ez18lacphipk6konbcj3wavc","18020005","Service, Financial, Holding and Investment Offices","user_2t7LPELjl3DoCTAUop6S5ONUFVL"
"ezcqggmxklf2et182ilnbc2u","17044000","Recreation, Swimming","user_2t7LPELjl3DoCTAUop6S5ONUFVL"
"f13kpvr0ky0lqnntqj0vuvzz","18071000","Service, Web Design and Development","user_2t7LPELjl3DoCTAUop6S5ONUFVL"
"f30oux867oemfm4fcq8ph81n","18024012","Service, Home Improvement, Lighting Fixtures","user_2t7LPELjl3DoCTAUop6S5ONUFVL"
"f4zm06tv97f4ah6j1blywqux","18013006","Service, Construction, Heating, Ventilating and Air Conditioning","user_2t7LPELjl3DoCTAUop6S5ONUFVL"
"f6pe2ya837akcjkmpw0jj4vd","13005004","Food and Drink, Restaurants, Thai","user_2t7LPELjl3DoCTAUop6S5ONUFVL"
"fbww67uvvwk777uwro6akgk3","18058000","Service, Shipping and Freight","user_2t7LPELjl3DoCTAUop6S5ONUFVL"
"fbx0wkhvqoxhduvpq5059m3i","13005035","Food and Drink, Restaurants, Eastern European","user_2t7LPELjl3DoCTAUop6S5ONUFVL"
"ff492ukz6q5t1dbose5lcvya","18024007","Service, Home Improvement, Plumbing","user_2t7LPELjl3DoCTAUop6S5ONUFVL"
"fgpvrwy46qm7t5cfjupvxmln","19048000","Shops, Tobacco","user_2t7LPELjl3DoCTAUop6S5ONUFVL"
"fgzm0mgm6f55mov41n8pzuop","17017000","Recreation, Gymnastics","user_2t7LPELjl3DoCTAUop6S5ONUFVL"
"fi140eas2bxz09ui9blubtcw","13005031","Food and Drink, Restaurants, Filipino","user_2t7LPELjl3DoCTAUop6S5ONUFVL"
"fn1v5e4fcyzgpvzi560lefl0","19034000","Shops, Luggage","user_2t7LPELjl3DoCTAUop6S5ONUFVL"
"fnzf542z3xthuirjvnh7g2ar","18054000","Service, Research","user_2t7LPELjl3DoCTAUop6S5ONUFVL"
"fono2r91q8o1bmkyazo1nb02","18029000","Service, Industrial Machinery and Vehicles","user_2t7LPELjl3DoCTAUop6S5ONUFVL"
"ftjws0kppptmu07guv694vpm","18024009","Service, Home Improvement, Painting","user_2t7LPELjl3DoCTAUop6S5ONUFVL"
"ftne4l960hkfwzyi8darragp","17043000","Recreation, Stadiums and Arenas","user_2t7LPELjl3DoCTAUop6S5ONUFVL"
"ftnw0glhm0z4lr0smpbpua38","18024010","Service, Home Improvement, Movers","user_2t7LPELjl3DoCTAUop6S5ONUFVL"
"fwgo7o2hute0n2p5w08oo09g","19005002","Shops, Automotive, Salvage Yards","user_2t7LPELjl3DoCTAUop6S5ONUFVL"
"fwskmpwq51msxoffgx0s24t8","13005015","Food and Drink, Restaurants, Mexican","user_2t7LPELjl3DoCTAUop6S5ONUFVL"
"fx2r352ryxhstp3yyhq8t205","18017000","Service, Engineering","user_2t7LPELjl3DoCTAUop6S5ONUFVL"
"fxc9cux19v414288gu2yil0v","18041000","Service, News Reporting","user_2t7LPELjl3DoCTAUop6S5ONUFVL"
"fyls81g7aqaagvmkjk640r3r","18038000","Service, Media Production","user_2t7LPELjl3DoCTAUop6S5ONUFVL"
"g1s1swzqxmehzyni0r55qizw","18013000","Service, Construction","user_2t7LPELjl3DoCTAUop6S5ONUFVL"
"g4orrjkrbigtivzcvfzhqp94","18020012","Service, Financial, Banking and Finance","user_2t7LPELjl3DoCTAUop6S5ONUFVL"
"g5412cg40f2c4s16fx93dq3r","18001002","Service, Advertising and Marketing, Search Engine Marketing and Optimization","user_2t7LPELjl3DoCTAUop6S5ONUFVL"
"g54j4yhthk9m304twqrbsqf5","13005017","Food and Drink, Restaurants, Latin American","user_2t7LPELjl3DoCTAUop6S5ONUFVL"
"g6bzovpizxp2uda3lz3uxdpc","18020013","Service, Financial, ATMs","user_2t7LPELjl3DoCTAUop6S5ONUFVL"
"g8alqlio8qq9tfgj522jxo7p","13005043","Food and Drink, Restaurants, Coffee Shop","user_2t7LPELjl3DoCTAUop6S5ONUFVL"
"gc6qd9zjkbqebrkb3uamf28m","17010000","Recreation, Cycling","user_2t7LPELjl3DoCTAUop6S5ONUFVL"
"gj6qxb49utcujh04clzjcotz","18001004","Service, Advertising and Marketing, Promotional Items","user_2t7LPELjl3DoCTAUop6S5ONUFVL"
"gl8e9py9gfjfjeo3fetcb93q","21010009","Transfer, Third Party, Digit","user_2t7LPELjl3DoCTAUop6S5ONUFVL"
"gnk1hlacpvd2bfsravalxtc3","12004000","Community, Courts","user_2t7LPELjl3DoCTAUop6S5ONUFVL"
"go9q3aco4zqxetx5xngbmomq","13005030","Food and Drink, Restaurants, Fish and Chips","user_2t7LPELjl3DoCTAUop6S5ONUFVL"
"gt0dlkfj0259wumxeckfkalx","12016000","Community, Post Offices","user_2t7LPELjl3DoCTAUop6S5ONUFVL"
"gtgdf1qx9kcrl8nlkw7sryka","19038000","Shops, Newsstands","user_2t7LPELjl3DoCTAUop6S5ONUFVL"
"gvrbxo5tizf2loq5yabfr85f","13005000","Food and Drink, Restaurants","user_2t7LPELjl3DoCTAUop6S5ONUFVL"
"gzpu9rrsnb56fgg0s061yvue","14002002","Healthcare, Physicians, Respiratory","user_2t7LPELjl3DoCTAUop6S5ONUFVL"
"gzrq82pfi4hce86xiydazee3","14001012","Healthcare, Healthcare Services, Dentists","user_2t7LPELjl3DoCTAUop6S5ONUFVL"
"h0y9m1csn0bpties0chz43q0","10008000","Bank Fees, Cash Advance","user_2t7LPELjl3DoCTAUop6S5ONUFVL"
"h2e84fk3ba4gtqjwki32vr57","12001000","Community, Animal Shelter","user_2t7LPELjl3DoCTAUop6S5ONUFVL"
"h2v00lgneh4tikasgn76y3cf","18045000","Service, Personal Care","user_2t7LPELjl3DoCTAUop6S5ONUFVL"
"h36x96leoha77i01oguisbn3","17025002","Recreation, Outdoors, Mountains","user_2t7LPELjl3DoCTAUop6S5ONUFVL"
"h3if2uwg2iqx2fti1bigq4p4","12018004","Community, Religious, Churches","user_2t7LPELjl3DoCTAUop6S5ONUFVL"
"h4vgrksfhyenpxu9ebg2bb5w","13005025","Food and Drink, Restaurants, Greek","user_2t7LPELjl3DoCTAUop6S5ONUFVL"
"h5ky93vwcykqksl0nob2iyvl","13005023","Food and Drink, Restaurants, Indian","user_2t7LPELjl3DoCTAUop6S5ONUFVL"
"h6cs6q5sygpjosoytjktslm0","18015000","Service, Dating and Escort","user_2t7LPELjl3DoCTAUop6S5ONUFVL"
"h9exq6pf3snklxfgwssgg03q","18008000","Service, Business Services","user_2t7LPELjl3DoCTAUop6S5ONUFVL"
"hbpp8kr7yivm5ftkqhaens96","19003000","Shops, Arts and Crafts","user_2t7LPELjl3DoCTAUop6S5ONUFVL"
"hclngbaki2te7jabq1ewvt9g","18024020","Service, Home Improvement, Hardware and Services","user_2t7LPELjl3DoCTAUop6S5ONUFVL"
"hcmzjg3hvlj2cdzny0y3ecw6","14001015","Healthcare, Healthcare Services, Blood Banks and Centers","user_2t7LPELjl3DoCTAUop6S5ONUFVL"
"hddt33yvt60v4ksx9b99ff34","18024018","Service, Home Improvement, Home Appliances","user_2t7LPELjl3DoCTAUop6S5ONUFVL"
"hds4prxwut978if4z0u37bei","14002011","Healthcare, Physicians, Obstetricians and Gynecologists","user_2t7LPELjl3DoCTAUop6S5ONUFVL"
"hf2wwmdv7y6h3f5aapd4vl00","17018000","Recreation, Gyms and Fitness Centers","user_2t7LPELjl3DoCTAUop6S5ONUFVL"
"hgvukx5m2zwh91mn2qetlevd","22002000","Travel, Airports","user_2t7LPELjl3DoCTAUop6S5ONUFVL"
"hgw3ka4lebktq7wrw54wltnt","17001012","Recreation, Arts and Entertainment, Dance Halls and Saloons","user_2t7LPELjl3DoCTAUop6S5ONUFVL"
"hgy17pt0v9nxdlufo2b9xfyh","18050004","Service, Real Estate, Property Management","user_2t7LPELjl3DoCTAUop6S5ONUFVL"
"hhn8svd0m2licg99vpba3304","12002000","Community, Assisted Living Services","user_2t7LPELjl3DoCTAUop6S5ONUFVL"
"hhybwve6ylf32uz2m8kytatg","18006008","Service, Automotive, Auto Smog Check","user_2t7LPELjl3DoCTAUop6S5ONUFVL"
"hk5soqvijonbpyrkmqqg2lyu","18053000","Service, Repair Services","user_2t7LPELjl3DoCTAUop6S5ONUFVL"
"hkioa6aavcbrdz7753px1nvn","18024027","Service, Home Improvement, Architects","user_2t7LPELjl3DoCTAUop6S5ONUFVL"
"hmabh5p03vbcfskckbop1uyq","12015003","Community, Organizations and Associations, Charities and Non-Profits","user_2t7LPELjl3DoCTAUop6S5ONUFVL"
"hmq7rbnowe7usqiei134mh6p","12008003","Community, Education, Primary and Secondary Schools","user_2t7LPELjl3DoCTAUop6S5ONUFVL"
"hmwnr1ug7teb4ymig97m2vh2","17001008","Recreation, Arts and Entertainment, Museums","user_2t7LPELjl3DoCTAUop6S5ONUFVL"
"hnh7d1z8gow6hfqnzfv5shkc","19005005","Shops, Automotive, Classic and Antique Car","user_2t7LPELjl3DoCTAUop6S5ONUFVL"
"hs0jqubnbwqx10c2qgfqhxkh","19036000","Shops, Music, Video and DVD","user_2t7LPELjl3DoCTAUop6S5ONUFVL"
"hsguvo51oyo5mruacy251gu0","12008001","Community, Education, Vocational Schools","user_2t7LPELjl3DoCTAUop6S5ONUFVL"
"htuks9pfeiwm7znhxshi2wro","22012006","Travel, Lodging, Bed and Breakfasts","user_2t7LPELjl3DoCTAUop6S5ONUFVL"
"hvl55g7q2nteaq8vqlrbt2zp","18037019","Service, Manufacturing, Transportation Equipment","user_2t7LPELjl3DoCTAUop6S5ONUFVL"
"hwhbu1jyplm27uv1jv6o48s7","18043000","Service, Packaging","user_2t7LPELjl3DoCTAUop6S5ONUFVL"
"hwycsket9si44vvl6jo4npyo","13005041","Food and Drink, Restaurants, Cupcake Shop","user_2t7LPELjl3DoCTAUop6S5ONUFVL"
"hxxiphon0c1w7vxb2k67q34e","19015000","Shops, Convenience Stores","user_2t7LPELjl3DoCTAUop6S5ONUFVL"
"hzvtlyvvk3ntjxu2qfwss6vy","18006007","Service, Automotive, Auto Tires","user_2t7LPELjl3DoCTAUop6S5ONUFVL"
"i1d7emdrm9dg1rvktmeoi73n","17007000","Recreation, Campgrounds and RV Parks","user_2t7LPELjl3DoCTAUop6S5ONUFVL"
"i1r2pv4gvhqk2fpdc1q32kp6","13001002","Food and Drink, Bar, Sports Bar","user_2t7LPELjl3DoCTAUop6S5ONUFVL"
"i2ihl6xv5t9tlgdxa5ow497p","18037016","Service, Manufacturing, Service Instruments","user_2t7LPELjl3DoCTAUop6S5ONUFVL"
"i2jkj6gp5qx7yjyftdjp0qbd","18020014","Service, Financial, Accounting and Bookkeeping","user_2t7LPELjl3DoCTAUop6S5ONUFVL"
"i4gr21g79hncstrdaedaeyei","17001002","Recreation, Arts and Entertainment, Symphony and Opera","user_2t7LPELjl3DoCTAUop6S5ONUFVL"
"i6ujc26cx4bdj203y2g9nzna","17036000","Recreation, Scuba Diving","user_2t7LPELjl3DoCTAUop6S5ONUFVL"
"i8vgs8k3r1y9ip7ecc1d5p5a","21007001","Transfer, Deposit, Check","user_2t7LPELjl3DoCTAUop6S5ONUFVL"
"ihthl0vvwz35a0hn3173zlz4","13005047","Food and Drink, Restaurants, Cafe","user_2t7LPELjl3DoCTAUop6S5ONUFVL"
"ilsiud4tprgehsm5cyt8yqv6","19002000","Shops, Antiques","user_2t7LPELjl3DoCTAUop6S5ONUFVL"
"iltt8sipd9qgzmlgn9xctcvc","18022000","Service, Funeral Services","user_2t7LPELjl3DoCTAUop6S5ONUFVL"
"im6ip41zhzfcfy81zggus34x","17004000","Recreation, Basketball","user_2t7LPELjl3DoCTAUop6S5ONUFVL"
"imxxjuyfjhb43xiqq1w43knq","17001011","Recreation, Arts and Entertainment, Entertainment","user_2t7LPELjl3DoCTAUop6S5ONUFVL"
"iol4j4d3062zo9qrbkjb16rb","18073001","Service, Agriculture and Forestry, Crop Production","user_2t7LPELjl3DoCTAUop6S5ONUFVL"
"ip4grgbnj84b7l25smv5zhpm","18068004","Service, Utilities, Gas","user_2t7LPELjl3DoCTAUop6S5ONUFVL"
"iqnkvl5vhu9hngc3m2fj8pvs","12000000","Community","user_2t7LPELjl3DoCTAUop6S5ONUFVL"
"ir450qsrzs9a05tko64teow9","18037003","Service, Manufacturing, Computers and Office Machines","user_2t7LPELjl3DoCTAUop6S5ONUFVL"
"is2r1upif0des0265zog5cu6","18037007","Service, Manufacturing, Glass Products","user_2t7LPELjl3DoCTAUop6S5ONUFVL"
"is5s084b0uc36k91m8mo0rgx","14001009","Healthcare, Healthcare Services, Medical Supplies and Labs","user_2t7LPELjl3DoCTAUop6S5ONUFVL"
"it3hbqf0s21yplikxf8750tm","14001003","Healthcare, Healthcare Services, Podiatrists","user_2t7LPELjl3DoCTAUop6S5ONUFVL"
"ivl850wcxf5yi8sjovebjrwu","14001013","Healthcare, Healthcare Services, Counseling and Therapy","user_2t7LPELjl3DoCTAUop6S5ONUFVL"
"iwco53zdqq3wzs84s7c7pkju","18032000","Service, Leather","user_2t7LPELjl3DoCTAUop6S5ONUFVL"
"ixnga7id9kosxyotmpsurv5c","14002019","Healthcare, Physicians, Cardiologists","user_2t7LPELjl3DoCTAUop6S5ONUFVL"
"iybcia3xs871iilr0kzlz3ko","13004000","Food and Drink, Nightlife","user_2t7LPELjl3DoCTAUop6S5ONUFVL"
"j0a1xjakovlptmr4hlyfkzgz","18020008","Service, Financial, Credit Reporting","user_2t7LPELjl3DoCTAUop6S5ONUFVL"
"j164b94homcr3jtl1db4ud22","18020009","Service, Financial, Collections","user_2t7LPELjl3DoCTAUop6S5ONUFVL"
"j1v4hcgtl7i6ffbvp6givh0x","18013002","Service, Construction, Roofers","user_2t7LPELjl3DoCTAUop6S5ONUFVL"
"j6ab41qoex11vcukuepok5lz","17045000","Recreation, Tennis","user_2t7LPELjl3DoCTAUop6S5ONUFVL"
"j7rd4fzzydnmmbyhoiqx9me5","13005014","Food and Drink, Restaurants, Middle Eastern","user_2t7LPELjl3DoCTAUop6S5ONUFVL"
"j9345u3utn3j1pvoc2tt2qku","17027003","Recreation, Parks, Natural Parks","user_2t7LPELjl3DoCTAUop6S5ONUFVL"
"jbzf95o6foppt9c23tts82np","19013003","Shops, Computers and Electronics, Cameras","user_2t7LPELjl3DoCTAUop6S5ONUFVL"
"jgc0wjr0p3re56rdu72jqgi4","18048000","Service, Plastics","user_2t7LPELjl3DoCTAUop6S5ONUFVL"
"jnj3prixfkhxppa02ljqc9dw","18045001","Service, Personal Care, Tattooing","user_2t7LPELjl3DoCTAUop6S5ONUFVL"
"jnl4xy1m3b4d10l46y8jp7cr","18020010","Service, Financial, Check Cashing","user_2t7LPELjl3DoCTAUop6S5ONUFVL"
"jpbragvik5h5oavjon0tml63","17001006","Recreation, Arts and Entertainment, Party Centers","user_2t7LPELjl3DoCTAUop6S5ONUFVL"
"jpnuy3aqy5peog0bn9m20sok","12017000","Community, Public and Social Services","user_2t7LPELjl3DoCTAUop6S5ONUFVL"
"jumuqyjk7tvaor800kdb9ofw","12018001","Community, Religious, Temple","user_2t7LPELjl3DoCTAUop6S5ONUFVL"
"jvsdc5lsow0h14silg9tkyv7","13005032","Food and Drink, Restaurants, Fast Food","user_2t7LPELjl3DoCTAUop6S5ONUFVL"
"k541rjxa1lfizjdxtk32kxkn","19012000","Shops, Clothing and Accessories","user_2t7LPELjl3DoCTAUop6S5ONUFVL"
"k5m7oiudyls65eekrgj8s7yr","18037004","Service, Manufacturing, Electrical Equipment and Components","user_2t7LPELjl3DoCTAUop6S5ONUFVL"
"k6oa7vvkbvlmx2jyseudcqtn","13000000","Food and Drink","user_2t7LPELjl3DoCTAUop6S5ONUFVL"
"k9q9whecjto1i695ox5d7wj9","18023000","Service, Geological","user_2t7LPELjl3DoCTAUop6S5ONUFVL"
"ka597vwdgss7ku73vrku2mv6","18044000","Service, Paper","user_2t7LPELjl3DoCTAUop6S5ONUFVL"
"kcgh4eihvwbw4sn127kekl3p","18006003","Service, Automotive, Maintenance and Repair","user_2t7LPELjl3DoCTAUop6S5ONUFVL"
"keabezonn4f04gmznocwmpl9","12018000","Community, Religious","user_2t7LPELjl3DoCTAUop6S5ONUFVL"
"kebrtazt3obd5y5kmz36y107","17025001","Recreation, Outdoors, Rivers","user_2t7LPELjl3DoCTAUop6S5ONUFVL"
"kfa5en2r8pu6t43zeukwq4c9","21010007","Transfer, Third Party, Chase QuickPay","user_2t7LPELjl3DoCTAUop6S5ONUFVL"
"kgprhu618pe0955pe442vfa8","13005018","Food and Drink, Restaurants, Korean","user_2t7LPELjl3DoCTAUop6S5ONUFVL"
"kjayjqkjgp5gimtq2nnesjmr","13005003","Food and Drink, Restaurants, Turkish","user_2t7LPELjl3DoCTAUop6S5ONUFVL"
"klvrsjrilwreg4iakb3n76zo","18013007","Service, Construction, Electricians","user_2t7LPELjl3DoCTAUop6S5ONUFVL"
"ko37gq7k2q89fw1b55pdy375","18018000","Service, Entertainment","user_2t7LPELjl3DoCTAUop6S5ONUFVL"
"kq036ylrs5mmxc7s30abq5v3","21005000","Transfer, Credit","user_2t7LPELjl3DoCTAUop6S5ONUFVL"
"kqwyd974a7px8bjjredkyysp","13005053","Food and Drink, Restaurants, Bakery","user_2t7LPELjl3DoCTAUop6S5ONUFVL"
"ktnofl722js1t6scdtdzy7o0","13005019","Food and Drink, Restaurants, Juice Bar","user_2t7LPELjl3DoCTAUop6S5ONUFVL"
"kuoht42xu3417jbzqp7rt4in","19005001","Shops, Automotive, Used Car Dealers","user_2t7LPELjl3DoCTAUop6S5ONUFVL"
"kv35v1xk8fxdc0onpbpj67hv","18001008","Service, Advertising and Marketing, Direct Mail and Email Marketing Services","user_2t7LPELjl3DoCTAUop6S5ONUFVL"
"kykh3pde656l9bb6b7r651kp","13005024","Food and Drink, Restaurants, Ice Cream","user_2t7LPELjl3DoCTAUop6S5ONUFVL"
"kyw8mdv38lta5z0oumvehuhi","18001000","Service, Advertising and Marketing","user_2t7LPELjl3DoCTAUop6S5ONUFVL"
"kzaacqy0b3e7bzgm6gcdvv5e","13002000","Food and Drink, Breweries","user_2t7LPELjl3DoCTAUop6S5ONUFVL"
"l085bl4b8b1w55o99cb4x016","13005012","Food and Drink, Restaurants, Pizza","user_2t7LPELjl3DoCTAUop6S5ONUFVL"
"l1n3n1dap8i3dsbm2gjutk1j","19029000","Shops, Glasses and Optometrist","user_2t7LPELjl3DoCTAUop6S5ONUFVL"
"l8k62cxnd2q1lejjmlfudj28","18073000","Service, Agriculture and Forestry","user_2t7LPELjl3DoCTAUop6S5ONUFVL"
"lbeozk3d51hydri8qj749vv5","17041000","Recreation, Sports and Recreation Camps","user_2t7LPELjl3DoCTAUop6S5ONUFVL"
"lf0brdfqx2w2yn37c3xses4f","14001014","Healthcare, Healthcare Services, Chiropractors","user_2t7LPELjl3DoCTAUop6S5ONUFVL"
"lf9n8vrzj8f00qccuqj382az","22012001","Travel, Lodging, Resorts","user_2t7LPELjl3DoCTAUop6S5ONUFVL"
"lgg4h8ykhh0kp2oawanz6xl7","19017000","Shops, Dance and Music","user_2t7LPELjl3DoCTAUop6S5ONUFVL"
"lji8a80a3j3blnwh2n3b7zwj","13005042","Food and Drink, Restaurants, Cuban","user_2t7LPELjl3DoCTAUop6S5ONUFVL"
"llzsclfyabimrqia0rlmoybv","18024004","Service, Home Improvement, Storage","user_2t7LPELjl3DoCTAUop6S5ONUFVL"
"lnsuek9zp1wkmm040qs5ykpl","18006006","Service, Automotive, Auto Transmission","user_2t7LPELjl3DoCTAUop6S5ONUFVL"
"lo85sinqsk4hhko3cchqtac5","18040003","Service, Mining, Non-Metallic Minerals","user_2t7LPELjl3DoCTAUop6S5ONUFVL"
"lodvin2ploxjr3ocvyxz7zqe","17034000","Recreation, Rock Climbing","user_2t7LPELjl3DoCTAUop6S5ONUFVL"
"lp68bm7ytbt805l3q6i07vgo","18005000","Service, Automation and Control Systems","user_2t7LPELjl3DoCTAUop6S5ONUFVL"
"lqeb5ovivonp0y2bxynv4xot","18011000","Service, Cleaning","user_2t7LPELjl3DoCTAUop6S5ONUFVL"
"ls5muue8xeapb8bcmm3cokha","18057000","Service, Security and Safety","user_2t7LPELjl3DoCTAUop6S5ONUFVL"
"lwjekjetidt99l8g0w790zdb","12012000","Community, Law Enforcement","user_2t7LPELjl3DoCTAUop6S5ONUFVL"
"lxdar2yvbogxoff7frwi5nwa","18037002","Service, Manufacturing, Chemicals and Gasses","user_2t7LPELjl3DoCTAUop6S5ONUFVL"
"lxeohzjlqaxxy5kj30ap2jc0","19045000","Shops, Shopping Centers and Malls","user_2t7LPELjl3DoCTAUop6S5ONUFVL"
"lyc1oo5c10xy4vtnxezlq861","18037000","Service, Manufacturing","user_2t7LPELjl3DoCTAUop6S5ONUFVL"
"m0uhv14vd8w0kvke4pj7fsiz","14002000","Healthcare, Physicians","user_2t7LPELjl3DoCTAUop6S5ONUFVL"
"m12t6n3kq8kqhi4c8hqpo3l6","17025004","Recreation, Outdoors, Forests","user_2t7LPELjl3DoCTAUop6S5ONUFVL"
"m30u0fjgjz5ssqpdk856kpu4","18018001","Service, Entertainment, Media","user_2t7LPELjl3DoCTAUop6S5ONUFVL"
"m3fzk3b88is7jk6u7rhk2ewf","21007002","Transfer, Deposit, ATM","user_2t7LPELjl3DoCTAUop6S5ONUFVL"
"m4bvapdviufp927a8bzgn7pq","22012003","Travel, Lodging, Hotels and Motels","user_2t7LPELjl3DoCTAUop6S5ONUFVL"
"m4xt3ylgv44evs30866x6dha","17001014","Recreation, Arts and Entertainment, Casinos and Gaming","user_2t7LPELjl3DoCTAUop6S5ONUFVL"
"m62dqyhdg5c210yhc9g3kcof","22012002","Travel, Lodging, Lodges and Vacation Rentals","user_2t7LPELjl3DoCTAUop6S5ONUFVL"
"m87mu2yu7l481n08v5zh6w17","18006001","Service, Automotive, Towing","user_2t7LPELjl3DoCTAUop6S5ONUFVL"
"m8iq0av3pp4r9zg6clbc5cic","17016000","Recreation, Gun Ranges","user_2t7LPELjl3DoCTAUop6S5ONUFVL"
"m9dxx68ms6d9ar3kqw8wzrh3","18045010","Service, Personal Care, Hair Removal","user_2t7LPELjl3DoCTAUop6S5ONUFVL"
"m9isv8j8ztv1ap0ukl5514vy","18045003","Service, Personal Care, Spas","user_2t7LPELjl3DoCTAUop6S5ONUFVL"
"mb1ugrwow59m9oaj01ot1mj5","13005051","Food and Drink, Restaurants, Brazilian","user_2t7LPELjl3DoCTAUop6S5ONUFVL"
"mbxrskt03a7h56kwmlq92ady","18034000","Service, Logging and Sawmills","user_2t7LPELjl3DoCTAUop6S5ONUFVL"
"mcjerui3vbbpf85xiafcd5gw","21000000","Transfer","user_2t7LPELjl3DoCTAUop6S5ONUFVL"
"mdm5zh0pbcattku6pcbjhxru","13005027","Food and Drink, Restaurants, Gastropub","user_2t7LPELjl3DoCTAUop6S5ONUFVL"
"mdtryr6rhhhq0wli2d5fp1ib","17027000","Recreation, Parks","user_2t7LPELjl3DoCTAUop6S5ONUFVL"
"mec1tlklv1fwm9dfkov07mqa","19037000","Shops, Musical Instruments","user_2t7LPELjl3DoCTAUop6S5ONUFVL"
"meqwlyiie4odcr2ejnx4n8ss","13005039","Food and Drink, Restaurants, Dessert","user_2t7LPELjl3DoCTAUop6S5ONUFVL"
"mgy5c1dz13p5aql2ftgt3ivn","18024025","Service, Home Improvement, Carpet and Flooring","user_2t7LPELjl3DoCTAUop6S5ONUFVL"
"mhxht4ds5pb2ji1xhvc1x81m","10007000","Bank Fees, Insufficient Funds","user_2t7LPELjl3DoCTAUop6S5ONUFVL"
"ml7pgom0xjjip843dtie4v3a","18024006","Service, Home Improvement, Pools and Spas","user_2t7LPELjl3DoCTAUop6S5ONUFVL"
"mlz8fxio9jh9x7hj3cdugkxi","19049000","Shops, Toys","user_2t7LPELjl3DoCTAUop6S5ONUFVL"
"mnvgtwd79vj6ry7sp0k87d96","18024013","Service, Home Improvement, Landscaping and Gardeners","user_2t7LPELjl3DoCTAUop6S5ONUFVL"
"mome3xecy72ftyb8z86hmykc","21006000","Transfer, Debit","user_2t7LPELjl3DoCTAUop6S5ONUFVL"
"mopu1grkm8kwjgtm9gb9ekan","18037009","Service, Manufacturing, Leather Goods","user_2t7LPELjl3DoCTAUop6S5ONUFVL"
"mrasmr4qv0nm36xeepvc94co","14002010","Healthcare, Physicians, Oncologists","user_2t7LPELjl3DoCTAUop6S5ONUFVL"
"ms3ztx2ql08jbfss9ajeynzd","19042000","Shops, Pets","user_2t7LPELjl3DoCTAUop6S5ONUFVL"
"mszl6e4ri0lorkqvbdnn96e6","18037014","Service, Manufacturing, Plastic Products","user_2t7LPELjl3DoCTAUop6S5ONUFVL"
"myct3nx3c0ealesryvfr1pqn","17025005","Recreation, Outdoors, Beaches","user_2t7LPELjl3DoCTAUop6S5ONUFVL"
"mzb1q0l95f9bkbkz0uenscnb","18036000","Service, Management","user_2t7LPELjl3DoCTAUop6S5ONUFVL"
"n02sc8jrgehc0ihavm8eoy3w","18031000","Service, Internet Services","user_2t7LPELjl3DoCTAUop6S5ONUFVL"
"n0ycvlhpvojmv3f67u7dg2gl","21001000","Transfer, Internal Account Transfer","user_2t7LPELjl3DoCTAUop6S5ONUFVL"
"n2lzyxh50tq07crsxd48p7f3","17023001","Recreation, Landmarks, Monuments and Memorials","user_2t7LPELjl3DoCTAUop6S5ONUFVL"
"n6rl2xcl0s495o75pxt5a4zc","18024002","Service, Home Improvement, Tree Service","user_2t7LPELjl3DoCTAUop6S5ONUFVL"
"n7eqx4dwbearouvxz3tzhgn4","18072000","Service, Welding","user_2t7LPELjl3DoCTAUop6S5ONUFVL"
"n9gffxhntjemcdkjkc72qi9b","18039000","Service, Metals","user_2t7LPELjl3DoCTAUop6S5ONUFVL"
"ndch7wdngm3e6zykkika3l8n","17001003","Recreation, Arts and Entertainment, Sports Venues","user_2t7LPELjl3DoCTAUop6S5ONUFVL"
"nf8h2jx0ahure599zgpjt6h7","18037011","Service, Manufacturing, Nonmetallic Mineral Products","user_2t7LPELjl3DoCTAUop6S5ONUFVL"
"nfwe1hvvsql8vhwl0n98fulb","22016000","Travel, Taxi","user_2t7LPELjl3DoCTAUop6S5ONUFVL"
"nghlgcfvozu1ap30vuxuxqfh","22018000","Travel, Transportation Centers","user_2t7LPELjl3DoCTAUop6S5ONUFVL"
"ni76fbeuroddzrb6zyfw2mt1","18024021","Service, Home Improvement, Fences, Fireplaces and Garage Doors","user_2t7LPELjl3DoCTAUop6S5ONUFVL"
"nlfddnm261t2zwhjotc3tuds","12008009","Community, Education, Colleges and Universities","user_2t7LPELjl3DoCTAUop6S5ONUFVL"
"np705q0s82ah1jquefst17wt","22011000","Travel, Limos and Chauffeurs","user_2t7LPELjl3DoCTAUop6S5ONUFVL"
"nphztrirv5pi0gbdi5yjac7a","19033000","Shops, Jewelry and Watches","user_2t7LPELjl3DoCTAUop6S5ONUFVL"
"ns7vc2hsrlwr91cokpfykz78","18020001","Service, Financial, Taxes","user_2t7LPELjl3DoCTAUop6S5ONUFVL"
"nt0kq90drx8v459eh49j54a8","18040002","Service, Mining, Metal","user_2t7LPELjl3DoCTAUop6S5ONUFVL"
"o5g1wvev3hfpibernkn56u9n","18068002","Service, Utilities, Sanitary and Waste Management","user_2t7LPELjl3DoCTAUop6S5ONUFVL"
"o6s8twrd3sz7al45j8saxk6q","18024011","Service, Home Improvement, Mobile Homes","user_2t7LPELjl3DoCTAUop6S5ONUFVL"
"o9w11p694nkoiqs5j4ru5dnf","17025000","Recreation, Outdoors","user_2t7LPELjl3DoCTAUop6S5ONUFVL"
"oabscrym6zssumnp8vhm6blc","18050002","Service, Real Estate, Real Estate Appraiser","user_2t7LPELjl3DoCTAUop6S5ONUFVL"
"oaiixv8cmo6h40asmpxwtxsc","19035000","Shops, Marine Supplies","user_2t7LPELjl3DoCTAUop6S5ONUFVL"
"ocyu6o1986x6jto65gyuklbg","17001005","Recreation, Arts and Entertainment, Psychics and Astrologers","user_2t7LPELjl3DoCTAUop6S5ONUFVL"
"oefrueosefyxgurp56x2d0em","12013000","Community, Libraries","user_2t7LPELjl3DoCTAUop6S5ONUFVL"
"ogy5b3iq4vgj2fdq1no3jefc","13005029","Food and Drink, Restaurants, Food Truck","user_2t7LPELjl3DoCTAUop6S5ONUFVL"
"oh0zka5y1dzm3x9yk29s1dh8","18024015","Service, Home Improvement, Interior Design","user_2t7LPELjl3DoCTAUop6S5ONUFVL"
"oi226493q7p4yhfz4u6ud5ev","22003000","Travel, Boat","user_2t7LPELjl3DoCTAUop6S5ONUFVL"
"oibdn3s24firss9xiwc0visr","18001007","Service, Advertising and Marketing, Market Research and Consulting","user_2t7LPELjl3DoCTAUop6S5ONUFVL"
"oih49gkr37rmihsmc47vl9cp","17028000","Recreation, Personal Trainers","user_2t7LPELjl3DoCTAUop6S5ONUFVL"
"on5abx8jwgxe5wdgq02hy10h","16002000","Payment, Rent","user_2t7LPELjl3DoCTAUop6S5ONUFVL"
"oq3ah2sql1neceim3t4r8piq","18006002","Service, Automotive, Motorcycle, Moped and Scooter Repair","user_2t7LPELjl3DoCTAUop6S5ONUFVL"
"oso64pab974xi97r47zpf9mj","12012002","Community, Law Enforcement, Fire Stations","user_2t7LPELjl3DoCTAUop6S5ONUFVL"
"otojb204oi8ajjlkbc2f9wz8","18006000","Service, Automotive","user_2t7LPELjl3DoCTAUop6S5ONUFVL"
"otqrjrt0se310n0e0vsofoos","18009000","Service, Cable","user_2t7LPELjl3DoCTAUop6S5ONUFVL"
"ouxgqs5bx1yt6upkornk74b6","13001000","Food and Drink, Bar","user_2t7LPELjl3DoCTAUop6S5ONUFVL"
"ox0t0n7r73lgadofgvk2nw3z","18050003","Service, Real Estate, Real Estate Agents","user_2t7LPELjl3DoCTAUop6S5ONUFVL"
"ox7v5yxglcvcpj9v69lzpslt","18037013","Service, Manufacturing, Petroleum","user_2t7LPELjl3DoCTAUop6S5ONUFVL"
"oyox1npfcn36eydampwhfgmq","21011000","Transfer, Wire","user_2t7LPELjl3DoCTAUop6S5ONUFVL"
"oysz9upm25auqq0jmce8etzt","19005004","Shops, Automotive, Motorcycles, Mopeds and Scooters","user_2t7LPELjl3DoCTAUop6S5ONUFVL"
"p5nu2er0vc23u3g2kdiju7s7","18045004","Service, Personal Care, Skin Care","user_2t7LPELjl3DoCTAUop6S5ONUFVL"
"p7ixhichirqa0zr8dnpppiod","19005007","Shops, Automotive, Car Dealers and Leasing","user_2t7LPELjl3DoCTAUop6S5ONUFVL"
"p8lx92qvivd1bwwel68z239u","21009001","Transfer, Payroll, Benefits","user_2t7LPELjl3DoCTAUop6S5ONUFVL"
"pa69fblc0omegh6d8k9kkb2c","18050010","Service, Real Estate, Rent","user_2t7LPELjl3DoCTAUop6S5ONUFVL"
"pafn269syzruvfl9hrr0sqyl","17013000","Recreation, Football","user_2t7LPELjl3DoCTAUop6S5ONUFVL"
"pawapoor8jf4297mvh2s4v5e","18065000","Service, Tourist Information and Services","user_2t7LPELjl3DoCTAUop6S5ONUFVL"
"pc2lep8j0mem0kihgna193si","14002014","Healthcare, Physicians, General Surgery","user_2t7LPELjl3DoCTAUop6S5ONUFVL"
"pc78piauewacl5yjzb2ap7n0","18020006","Service, Financial, Fund Raising","user_2t7LPELjl3DoCTAUop6S5ONUFVL"
"pcll34esa0rbotoqrctnvd6o","13005040","Food and Drink, Restaurants, Delis","user_2t7LPELjl3DoCTAUop6S5ONUFVL"
"pec6u5bih4cg432x0ocf5wkh","18027000","Service, Immigration","user_2t7LPELjl3DoCTAUop6S5ONUFVL"
"pf9xtu03s0v4xj0g14mpjffl","19040003","Shops, Outlet, Shoe Store","user_2t7LPELjl3DoCTAUop6S5ONUFVL"
"pkal9o6h4ovjtrvg140w2qam","18045009","Service, Personal Care, Hair Salons and Barbers","user_2t7LPELjl3DoCTAUop6S5ONUFVL"
"pl9lbzfa9jcna2pz5k3krj2n","18060000","Service, Storage","user_2t7LPELjl3DoCTAUop6S5ONUFVL"
"pmulcw5tpx0o5n2cyo3luo94","18020002","Service, Financial, Student Aid and Grants","user_2t7LPELjl3DoCTAUop6S5ONUFVL"
"po7wcbl232tykc1df3j2hxvw","19044000","Shops, Photos and Frames","user_2t7LPELjl3DoCTAUop6S5ONUFVL"
"pp6tijur4z5c98eyulvu7p8y","17001009","Recreation, Arts and Entertainment, Movie Theatres","user_2t7LPELjl3DoCTAUop6S5ONUFVL"
"ppbs0mh56hwsa9ly3nxkhd2x","18033000","Service, Legal","user_2t7LPELjl3DoCTAUop6S5ONUFVL"
"pqkkmkd1new6w1lxf5a9c7gc","12018003","Community, Religious, Mosques","user_2t7LPELjl3DoCTAUop6S5ONUFVL"
"psmbugv9pg4ys1u0s45atjgb","18068001","Service, Utilities, Water","user_2t7LPELjl3DoCTAUop6S5ONUFVL"
"puzdejjo9ad2z71vit7po3i5","19040005","Shops, Outlet, Lingerie Store","user_2t7LPELjl3DoCTAUop6S5ONUFVL"
"q23r68lwkh2jfhy1ss36str2","18021002","Service, Food and Beverage, Catering","user_2t7LPELjl3DoCTAUop6S5ONUFVL"
"q49ueh7uhkuedpaf9le1xhd7","19040007","Shops, Outlet, Boutique","user_2t7LPELjl3DoCTAUop6S5ONUFVL"
"q4a2svu1tv0rwse3rdwdgp9d","13005044","Food and Drink, Restaurants, Chinese","user_2t7LPELjl3DoCTAUop6S5ONUFVL"
"q8ef94e80xsjjz0er30w0sia","13005048","Food and Drink, Restaurants, Burrito","user_2t7LPELjl3DoCTAUop6S5ONUFVL"
"qa5h2dv9xpq4flf2v46ebx3c","13005049","Food and Drink, Restaurants, Burgers","user_2t7LPELjl3DoCTAUop6S5ONUFVL"
"qfuzzpn4ewcieiyn6jpsqpsv","18063000","Service, Telecommunication Services","user_2t7LPELjl3DoCTAUop6S5ONUFVL"
"qh6u69ty714k8zd5zv5nuebj","22010000","Travel, Heliports","user_2t7LPELjl3DoCTAUop6S5ONUFVL"
"ql5ozvapg91akd0gj2i59wtc","18042000","Service, Oil and Gas","user_2t7LPELjl3DoCTAUop6S5ONUFVL"
"qq6n4hdeeqddabid8cbhyixg","18045008","Service, Personal Care, Laundry and Garment Services","user_2t7LPELjl3DoCTAUop6S5ONUFVL"
"qqsyvcx057cqr0pmw7vo7ugm","18073004","Service, Agriculture and Forestry, Services","user_2t7LPELjl3DoCTAUop6S5ONUFVL"
"qrr0lqnppufkgqsu65w3wczv","19004000","Shops, Auctions","user_2t7LPELjl3DoCTAUop6S5ONUFVL"
"qt3ga7qdh0s70kiuickodze4","11000000","Cash Advance","user_2t7LPELjl3DoCTAUop6S5ONUFVL"
"qtma3l13gw017qj6dgjbmtv5","18008001","Service, Business Services, Printing and Publishing","user_2t7LPELjl3DoCTAUop6S5ONUFVL"
"qw236l10yqyvy4thqhqfxr6k","14002015","Healthcare, Physicians, Gastroenterologists","user_2t7LPELjl3DoCTAUop6S5ONUFVL"
"qwmx5ske239ukgd9aj540rsj","17014000","Recreation, Go Carts","user_2t7LPELjl3DoCTAUop6S5ONUFVL"
"qwp3808odlqik0wz6f5sca3w","12015001","Community, Organizations and Associations, Youth Organizations","user_2t7LPELjl3DoCTAUop6S5ONUFVL"
"qyhnk8a0qd4bpxut3rny5920","19047000","Shops, Supermarkets and Groceries","user_2t7LPELjl3DoCTAUop6S5ONUFVL"
"qzgx4g4fxrwj7a6s94mg520e","17048000","Recreation, Zoo","user_2t7LPELjl3DoCTAUop6S5ONUFVL"
"r36wm19d23a5jdm3jij01eg2","19013002","Shops, Computers and Electronics, Mobile Phones","user_2t7LPELjl3DoCTAUop6S5ONUFVL"
"r4ch4pge2bbeas4hrmwlyz5j","18026000","Service, Human Resources","user_2t7LPELjl3DoCTAUop6S5ONUFVL"
"r4x5cz340je2yp1sl90jv98d","18025000","Service, Household","user_2t7LPELjl3DoCTAUop6S5ONUFVL"
"r5aon846ol9woewuvoieonva","21010008","Transfer, Third Party, Acorns","user_2t7LPELjl3DoCTAUop6S5ONUFVL"
"r5wdsavpo4ye0gmswm6hgl7s","21012001","Transfer, Withdrawal, Check","user_2t7LPELjl3DoCTAUop6S5ONUFVL"
"r87jg6huc44hhjlnxub7ip2v","18013005","Service, Construction, Infrastructure","user_2t7LPELjl3DoCTAUop6S5ONUFVL"
"rbighql1slqffiepmba6i4b6","18003000","Service, Art Restoration","user_2t7LPELjl3DoCTAUop6S5ONUFVL"
"rdk3o7r5moh52r7938nni4n1","19053000","Shops, Wholesale","user_2t7LPELjl3DoCTAUop6S5ONUFVL"
"rdvgkbanfpasjqm0q9dup4kg","18001010","Service, Advertising and Marketing, Advertising Agencies and Media Buyers","user_2t7LPELjl3DoCTAUop6S5ONUFVL"
"reijfgxri4x4fjwrq406xaha","18014000","Service, Credit Counseling and Bankruptcy Services","user_2t7LPELjl3DoCTAUop6S5ONUFVL"
"rgvwuvo2zsh2yzg8lo9gmma9","21010002","Transfer, Third Party, Square Cash","user_2t7LPELjl3DoCTAUop6S5ONUFVL"
"rii2552b3rbra88rlietuamt","12014000","Community, Military","user_2t7LPELjl3DoCTAUop6S5ONUFVL"
"rjfkhwoszpnfx8yrazcji4vp","18037008","Service, Manufacturing, Industrial Machinery and Equipment","user_2t7LPELjl3DoCTAUop6S5ONUFVL"
"rlbqfts3fw7ei2rdc3tlwgh3","13004002","Food and Drink, Nightlife, Night Clubs","user_2t7LPELjl3DoCTAUop6S5ONUFVL"
"rodiw7x2q6suvhueerwl2ppy","13005036","Food and Drink, Restaurants, Donuts","user_2t7LPELjl3DoCTAUop6S5ONUFVL"
"rol4hgb1mq0sgz0nx4qzmp1u","12003000","Community, Cemetery","user_2t7LPELjl3DoCTAUop6S5ONUFVL"
"rpicoeedmr5lnu6hm7i6t4b5","18037012","Service, Manufacturing, Paper Products","user_2t7LPELjl3DoCTAUop6S5ONUFVL"
"rpj9l7fz5n85mlqisvj3ag5g","17015000","Recreation, Golf","user_2t7LPELjl3DoCTAUop6S5ONUFVL"
"rqvh5qxi17viijy25dhhg653","19040000","Shops, Outlet","user_2t7LPELjl3DoCTAUop6S5ONUFVL"
"rt2ycicyoyybrfvhny02plsq","18020003","Service, Financial, Stock Brokers","user_2t7LPELjl3DoCTAUop6S5ONUFVL"
"rv8hrjmd1k62p1awuells4yr","19010000","Shops, Cards and Stationery","user_2t7LPELjl3DoCTAUop6S5ONUFVL"
"rvtf0muqrclft1etycggd2r3","18013004","Service, Construction, Masonry","user_2t7LPELjl3DoCTAUop6S5ONUFVL"
"rw9h33yhk7uxvvkkspq7lhdx","18024016","Service, Home Improvement, Housewares","user_2t7LPELjl3DoCTAUop6S5ONUFVL"
"s0p54m00izbjq7kjhp7qdn4w","18059000","Service, Software Development","user_2t7LPELjl3DoCTAUop6S5ONUFVL"
"s2q7nw8c238imppvtp3mczci","19012006","Shops, Clothing and Accessories, Kids' Store","user_2t7LPELjl3DoCTAUop6S5ONUFVL"
"s6024ani9qhjjitevq65zpdg","13005052","Food and Drink, Restaurants, Barbecue","user_2t7LPELjl3DoCTAUop6S5ONUFVL"
"s759tfuagrxkjvd7ottlrqm2","18001005","Service, Advertising and Marketing, Print, TV, Radio and Outdoor Advertising","user_2t7LPELjl3DoCTAUop6S5ONUFVL"
"s7881vo9r76pqv77llhxdjs5","22012000","Travel, Lodging","user_2t7LPELjl3DoCTAUop6S5ONUFVL"
"saew0x9plnt5gnykfxtku06n","18037006","Service, Manufacturing, Furniture and Fixtures","user_2t7LPELjl3DoCTAUop6S5ONUFVL"
"sapl5iuj2z72fc8d7e34hf85","18024026","Service, Home Improvement, Carpenters","user_2t7LPELjl3DoCTAUop6S5ONUFVL"
"sawdtpan6ep6w5re6f96t39b","10002000","Bank Fees, ATM","user_2t7LPELjl3DoCTAUop6S5ONUFVL"
"sb9eggz2967qk8r4gd6do78v","13005028","Food and Drink, Restaurants, French","user_2t7LPELjl3DoCTAUop6S5ONUFVL"
"scegsjg0sm122awg8tukhnmm","12005000","Community, Day Care and Preschools","user_2t7LPELjl3DoCTAUop6S5ONUFVL"
"se5y2shtu5ps140bqiyz981j","17023003","Recreation, Landmarks, Gardens","user_2t7LPELjl3DoCTAUop6S5ONUFVL"
"sf1f1bv7rzcmkt1lidrwg6wv","10000000","Bank Fees","user_2t7LPELjl3DoCTAUop6S5ONUFVL"
"sgmeva4np4ubr417c8mcvaaj","19021000","Shops, Electrical Equipment","user_2t7LPELjl3DoCTAUop6S5ONUFVL"
"siay7zv5v6tg8x5a2ud1cnp2","12019001","Community, Senior Citizen Services, Retirement","user_2t7LPELjl3DoCTAUop6S5ONUFVL"
"sj5al2awgo5momrfvf7rw0pm","18068005","Service, Utilities, Electric","user_2t7LPELjl3DoCTAUop6S5ONUFVL"
"sjvl9gfxkr4g2r96yu53mz96","18069000","Service, Veterinarians","user_2t7LPELjl3DoCTAUop6S5ONUFVL"
"skpw38eqjxksbx2drznb5lc6","18068000","Service, Utilities","user_2t7LPELjl3DoCTAUop6S5ONUFVL"
"sm3nrwt99l4jn21uhurosbn7","10009000","Bank Fees, Excess Activity","user_2t7LPELjl3DoCTAUop6S5ONUFVL"
"so5juouk79pxxc3b5jcm4i14","19025000","Shops, Food and Beverage Store","user_2t7LPELjl3DoCTAUop6S5ONUFVL"
"sr2elqb2ul1o9x7w4zdw571o","12008008","Community, Education, Computer Training","user_2t7LPELjl3DoCTAUop6S5ONUFVL"
"ss145krx1uoz32v0erv7d0tm","17011000","Recreation, Dance","user_2t7LPELjl3DoCTAUop6S5ONUFVL"
"sucvvinxiex06v4w33hu0r9e","19023000","Shops, Flea Markets","user_2t7LPELjl3DoCTAUop6S5ONUFVL"
"swi783i6kkl8gnj2t279ew21","18037005","Service, Manufacturing, Food and Beverage","user_2t7LPELjl3DoCTAUop6S5ONUFVL"
"sx8ak1m84ho0erummuiptmws","13005007","Food and Drink, Restaurants, Steakhouses","user_2t7LPELjl3DoCTAUop6S5ONUFVL"
"sxx7upkov5xzw2uinugrmo88","19025004","Shops, Food and Beverage Store, Beer, Wine and Spirits","user_2t7LPELjl3DoCTAUop6S5ONUFVL"
"sydc7zhppuzzhcawrvh51c2u","22006001","Travel, Car Service, Ride Share","user_2t7LPELjl3DoCTAUop6S5ONUFVL"
"sz7bittc7da2iqgnyjz358yy","18012002","Service, Computers, Software Development","user_2t7LPELjl3DoCTAUop6S5ONUFVL"
"t0jzksa925rq8irl2bgvse94","12010000","Community, Government Lobbyists","user_2t7LPELjl3DoCTAUop6S5ONUFVL"
"t0ojm27etjuf0tk0p3g2ze7f","13005055","Food and Drink, Restaurants, Australian","user_2t7LPELjl3DoCTAUop6S5ONUFVL"
"t2gem50nd1tbe5bav54gudpm","18037018","Service, Manufacturing, Tobacco","user_2t7LPELjl3DoCTAUop6S5ONUFVL"
"t2kmv24ymdw7oejr0qpbxghq","17008000","Recreation, Canoes and Kayaks","user_2t7LPELjl3DoCTAUop6S5ONUFVL"
"t3tnzgmw0nsg00gwmrzx3x6z","16001000","Payment, Credit Card","user_2t7LPELjl3DoCTAUop6S5ONUFVL"
"t609myqqdh2mt72bd7n2vh8g","18001003","Service, Advertising and Marketing, Public Relations","user_2t7LPELjl3DoCTAUop6S5ONUFVL"
"t8x31l8krkp7k0qtyeqrjr18","17040000","Recreation, Soccer","user_2t7LPELjl3DoCTAUop6S5ONUFVL"
"t9k0pql7s88jwbfv4oq2em4j","19005006","Shops, Automotive, Car Parts and Accessories","user_2t7LPELjl3DoCTAUop6S5ONUFVL"
"t9k1n4bxqncebdwljq3enowe","18062000","Service, Tailors","user_2t7LPELjl3DoCTAUop6S5ONUFVL"
"tbfzt0rlkjvtjkabingeluvr","19012002","Shops, Clothing and Accessories, Swimwear","user_2t7LPELjl3DoCTAUop6S5ONUFVL"
"tbwtw4cz6udaxlt46961n6an","19051000","Shops, Warehouses and Wholesale Stores","user_2t7LPELjl3DoCTAUop6S5ONUFVL"
"td4knuy9k92gr8clet1mznn7","14001006","Healthcare, Healthcare Services, Nutritionists","user_2t7LPELjl3DoCTAUop6S5ONUFVL"
"tkp8hf76ow4cgrcvwpts0z9p","17037000","Recreation, Skating","user_2t7LPELjl3DoCTAUop6S5ONUFVL"
"tlkcs8gk0ouzjofbhgm7r1h3","10001000","Bank Fees, Overdraft","user_2t7LPELjl3DoCTAUop6S5ONUFVL"
"tmft2b0na319nz0yy0n77euw","13005010","Food and Drink, Restaurants, Scandinavian","user_2t7LPELjl3DoCTAUop6S5ONUFVL"
"top4p1si0ti07dfm7y90nmgg","18047000","Service, Photography","user_2t7LPELjl3DoCTAUop6S5ONUFVL"
"tzbnq58dovpjgj45ikmndhc8","17009000","Recreation, Combat Sports","user_2t7LPELjl3DoCTAUop6S5ONUFVL"
"u20oiy8lujulx3ald9xjcwqe","19018000","Shops, Department Stores","user_2t7LPELjl3DoCTAUop6S5ONUFVL"
"u2iefim54yci3wbm5v4nsat4","22017000","Travel, Tolls and Fees","user_2t7LPELjl3DoCTAUop6S5ONUFVL"
"u4dvcyyb2zgn31b437zhi7mw","19012008","Shops, Clothing and Accessories, Accessories Store","user_2t7LPELjl3DoCTAUop6S5ONUFVL"
"u54tgh166gebhrt52u37lqj6","18013001","Service, Construction, Specialty","user_2t7LPELjl3DoCTAUop6S5ONUFVL"
"u63f2xstcu4806yqck3olui5","19025001","Shops, Food and Beverage Store, Specialty","user_2t7LPELjl3DoCTAUop6S5ONUFVL"
"u8kgx4itqjints6l6aljis2d","19016000","Shops, Costumes","user_2t7LPELjl3DoCTAUop6S5ONUFVL"
"u9wekr1xclxzfcq2wbeo4rmt","21010010","Transfer, Third Party, Betterment","user_2t7LPELjl3DoCTAUop6S5ONUFVL"
"ua5flgz24t1l4y6eybb2kt81","18021001","Service, Food and Beverage, Distribution","user_2t7LPELjl3DoCTAUop6S5ONUFVL"
"ude8xz03wx5m5ppyvhkm54n1","19054000","Shops, Lawn and Garden","user_2t7LPELjl3DoCTAUop6S5ONUFVL"
"udx9kyfky3jdp4xy0bx4detn","13004004","Food and Drink, Nightlife, Jazz and Blues Cafe","user_2t7LPELjl3DoCTAUop6S5ONUFVL"
"ueu942lcqmsvwwcjzede6nyz","14002020","Healthcare, Physicians, Anesthesiologists","user_2t7LPELjl3DoCTAUop6S5ONUFVL"
"uf69275vs0l9xwdmvjpodx2z","20002000","Tax, Payment","user_2t7LPELjl3DoCTAUop6S5ONUFVL"
"uf9w4qalgm56pg2eqbhapfpi","13001001","Food and Drink, Bar, Wine Bar","user_2t7LPELjl3DoCTAUop6S5ONUFVL"
"ufv3ebiunrfff7obkn0ngcnx","16000000","Payment","user_2t7LPELjl3DoCTAUop6S5ONUFVL"
"ui35aa8wwx14igchy3ny26pu","12019000","Community, Senior Citizen Services","user_2t7LPELjl3DoCTAUop6S5ONUFVL"
"uinucpx31cozkwc2h85zl236","14001008","Healthcare, Healthcare Services, Mental Health","user_2t7LPELjl3DoCTAUop6S5ONUFVL"
"uj56z7k1rtnxakrwc7h9j425","14002003","Healthcare, Physicians, Radiologists","user_2t7LPELjl3DoCTAUop6S5ONUFVL"
"ukc0k7btkxovpefuzceqwb7x","14002017","Healthcare, Physicians, Ear, Nose and Throat","user_2t7LPELjl3DoCTAUop6S5ONUFVL"
"umlzaeur354v7f5xub5yul62","17001010","Recreation, Arts and Entertainment, Fairgrounds and Rodeos","user_2t7LPELjl3DoCTAUop6S5ONUFVL"
"unjolgfk72x5x5bk94uqoa24","13005002","Food and Drink, Restaurants, Vegan and Vegetarian","user_2t7LPELjl3DoCTAUop6S5ONUFVL"
"unqhwstjtuy9o7ye7endncpl","21010001","Transfer, Third Party, Venmo","user_2t7LPELjl3DoCTAUop6S5ONUFVL"
"uoka65emk6762um5ndbwn7sc","22014000","Travel, Public Transportation Services","user_2t7LPELjl3DoCTAUop6S5ONUFVL"
"uwlbtffbhzjuemy3w6r7otab","18037020","Service, Manufacturing, Wood Products","user_2t7LPELjl3DoCTAUop6S5ONUFVL"
"uxaifovawzys9oe4e1tp2lg1","19012004","Shops, Clothing and Accessories, Men's Store","user_2t7LPELjl3DoCTAUop6S5ONUFVL"
"uxzp2x9ganz2ergbp59fsp08","19012003","Shops, Clothing and Accessories, Shoe Store","user_2t7LPELjl3DoCTAUop6S5ONUFVL"
"uykjavamxown1hxfnmryo4re","18050005","Service, Real Estate, Corporate Housing","user_2t7LPELjl3DoCTAUop6S5ONUFVL"
"uz96mu9m0x48ldxyn1jqsr4t","13005022","Food and Drink, Restaurants, Indonesian","user_2t7LPELjl3DoCTAUop6S5ONUFVL"
"uzsxktuvvw6nthlhckkh2fuu","18040000","Service, Mining","user_2t7LPELjl3DoCTAUop6S5ONUFVL"
"v00q5b1v2kgn6vupl652upju","13005016","Food and Drink, Restaurants, Mediterranean","user_2t7LPELjl3DoCTAUop6S5ONUFVL"
"v1qxetoot692i6wdvriray4n","17029000","Recreation, Race Tracks","user_2t7LPELjl3DoCTAUop6S5ONUFVL"
"v2p47kugx0hx0s6rqxi8u89q","13005033","Food and Drink, Restaurants, Falafel","user_2t7LPELjl3DoCTAUop6S5ONUFVL"
"v506jb5i5kd2mk58jhs74d84","13005046","Food and Drink, Restaurants, Cajun","user_2t7LPELjl3DoCTAUop6S5ONUFVL"
"v5b59odlm7d1u0xhwg4x94k2","13001003","Food and Drink, Bar, Hotel Lounge","user_2t7LPELjl3DoCTAUop6S5ONUFVL"
"v5mqokuwtgo4ak0u6lunj5w4","18007000","Service, Business and Strategy Consulting","user_2t7LPELjl3DoCTAUop6S5ONUFVL"
"v5q47odg3paa006rhdrw3fzt","18020004","Service, Financial, Loans and Mortgages","user_2t7LPELjl3DoCTAUop6S5ONUFVL"
"v7maomx7k0l7n7h86urcn9x5","13005058","Food and Drink, Restaurants, African","user_2t7LPELjl3DoCTAUop6S5ONUFVL"
"v88kglnivtj9xrlw2y1xx9ub","21010005","Transfer, Third Party, Dwolla","user_2t7LPELjl3DoCTAUop6S5ONUFVL"
"v8j7j35id76i2yxd12fo1ccp","14001004","Healthcare, Healthcare Services, Physical Therapy","user_2t7LPELjl3DoCTAUop6S5ONUFVL"
"vb5zks80p1jg1m9fosqhqgpg","18056000","Service, Scientific","user_2t7LPELjl3DoCTAUop6S5ONUFVL"
"vdd8dzvto33i8uph6sv7z8hi","17020000","Recreation, Hockey","user_2t7LPELjl3DoCTAUop6S5ONUFVL"
"vfbgspans7wilt4qax4u15jm","22007000","Travel, Charter Buses","user_2t7LPELjl3DoCTAUop6S5ONUFVL"
"vj5clwqhy4pgz3rqdzcgrt2u","18024023","Service, Home Improvement, Doors and Windows","user_2t7LPELjl3DoCTAUop6S5ONUFVL"
"vjmpelfccpwim6o9wge6g6bk","18046000","Service, Petroleum","user_2t7LPELjl3DoCTAUop6S5ONUFVL"
"vqdno5wla4z1j828hfrksgt3","14001007","Healthcare, Healthcare Services, Nurses","user_2t7LPELjl3DoCTAUop6S5ONUFVL"
"vr4gg7jjvephg4lr37m5qm7z","18037017","Service, Manufacturing, Textiles","user_2t7LPELjl3DoCTAUop6S5ONUFVL"
"vrkc6gql8n30j3zjbjuwrkj0","12008010","Community, Education, Art School","user_2t7LPELjl3DoCTAUop6S5ONUFVL"
"vslqrau2ccjnbj9evn9nnijf","21009000","Transfer, Payroll","user_2t7LPELjl3DoCTAUop6S5ONUFVL"
"vtsbblffv3tmm5pc1k7z0tlt","18006005","Service, Automotive, Car Appraisers","user_2t7LPELjl3DoCTAUop6S5ONUFVL"
"vu4pry1j3c10ent39w47fih5","18051000","Service, Refrigeration and Ice","user_2t7LPELjl3DoCTAUop6S5ONUFVL"
"vutonz0383wuodvu30x92nwt","22008000","Travel, Cruises","user_2t7LPELjl3DoCTAUop6S5ONUFVL"
"vv9gk4eyitt2e9f74h8fabqf","19005003","Shops, Automotive, RVs and Motor Homes","user_2t7LPELjl3DoCTAUop6S5ONUFVL"
"vx3j1tclbafbrba46uz13yv6","17001001","Recreation, Arts and Entertainment, Theatrical Productions","user_2t7LPELjl3DoCTAUop6S5ONUFVL"
"vyl8jyr7zpj6xj857rwj8584","19012005","Shops, Clothing and Accessories, Lingerie Store","user_2t7LPELjl3DoCTAUop6S5ONUFVL"
"w06v4ki32gpiyfypgjn47x87","18037001","Service, Manufacturing, Apparel and Fabric Products","user_2t7LPELjl3DoCTAUop6S5ONUFVL"
"w0kig87fvv6yg6bthyafi27o","18004000","Service, Audiovisual","user_2t7LPELjl3DoCTAUop6S5ONUFVL"
"w0vimv1sqn38oxxsjjrbhtzq","18073002","Service, Agriculture and Forestry, Forestry","user_2t7LPELjl3DoCTAUop6S5ONUFVL"
"w30h7kpmkyq8e6us3qn2s0uj","17030000","Recreation, Racquet Sports","user_2t7LPELjl3DoCTAUop6S5ONUFVL"
"w30zwnzlm1pt2cxn9v7p2b3d","12007000","Community, Drug and Alcohol Services","user_2t7LPELjl3DoCTAUop6S5ONUFVL"
"w431gwaailvqa43j8n06hmqq","18028000","Service, Import and Export","user_2t7LPELjl3DoCTAUop6S5ONUFVL"
"w4adqz0cdyeo0oo7d6fhjlo3","18001001","Service, Advertising and Marketing, Writing, Copywriting and Technical Writing","user_2t7LPELjl3DoCTAUop6S5ONUFVL"
"w7uknp68hgbhy7cahdolx4ky","18013010","Service, Construction, Carpenters","user_2t7LPELjl3DoCTAUop6S5ONUFVL"
"waurxpnqs41n02p5l1qy9cpf","17026000","Recreation, Paintball","user_2t7LPELjl3DoCTAUop6S5ONUFVL"
"wdpmk3krqwsme0p58pjtsg4y","14002016","Healthcare, Physicians, Family Medicine","user_2t7LPELjl3DoCTAUop6S5ONUFVL"
"wf2bhn1nxs5yn2ieu7ovojup","12006000","Community, Disabled Persons Services","user_2t7LPELjl3DoCTAUop6S5ONUFVL"
"wfisnfp1cgvgng2q1sw1pi93","19026000","Shops, Fuel Dealer","user_2t7LPELjl3DoCTAUop6S5ONUFVL"
"wgl24wmk3gsf1yeqgtvj3ry5","15001000","Interest, Interest Earned","user_2t7LPELjl3DoCTAUop6S5ONUFVL"
"wgn6ela7hqktg2qv8t53ft0c","17047000","Recreation, Yoga and Pilates","user_2t7LPELjl3DoCTAUop6S5ONUFVL"
"wj5pyz3ta5906uyf1wh6o9zu","18073003","Service, Agriculture and Forestry, Livestock and Animals","user_2t7LPELjl3DoCTAUop6S5ONUFVL"
"wk5xfog952xfgz19xq9fs7ul","17001000","Recreation, Arts and Entertainment","user_2t7LPELjl3DoCTAUop6S5ONUFVL"
"wnishxja790meiatdfx2fkjf","19013000","Shops, Computers and Electronics","user_2t7LPELjl3DoCTAUop6S5ONUFVL"
"wp0mymmqsfcuwjh3fdh4b4pi","21010003","Transfer, Third Party, Square","user_2t7LPELjl3DoCTAUop6S5ONUFVL"
"wpwnl9i2gj4h1tjaiurg6z8e","22000000","Travel","user_2t7LPELjl3DoCTAUop6S5ONUFVL"
"wr538iyp7ywz36jr9z9okhnf","17035000","Recreation, Running","user_2t7LPELjl3DoCTAUop6S5ONUFVL"
"wynwgrc5bnumhgu7hy29huzi","14001002","Healthcare, Healthcare Services, Pregnancy and Sexual Health","user_2t7LPELjl3DoCTAUop6S5ONUFVL"
"wzlmc977ktcjpqez1j6nqpeg","13005037","Food and Drink, Restaurants, Distillery","user_2t7LPELjl3DoCTAUop6S5ONUFVL"
"x1bklwaz3ucwzp42jvbhnr2u","14001011","Healthcare, Healthcare Services, Emergency Services","user_2t7LPELjl3DoCTAUop6S5ONUFVL"
"x4v09scwf2hg06id1w3c2ull","18013003","Service, Construction, Painting","user_2t7LPELjl3DoCTAUop6S5ONUFVL"
"x7a2q29nr0ww7gd5xm2i5612","17005000","Recreation, Batting Cages","user_2t7LPELjl3DoCTAUop6S5ONUFVL"
"x7thkuvq3pnuzon9xaji009d","17039000","Recreation, Snow Sports","user_2t7LPELjl3DoCTAUop6S5ONUFVL"
"x8ibjfpqs0cruk7sak3dg59t","18013008","Service, Construction, Contractors","user_2t7LPELjl3DoCTAUop6S5ONUFVL"
"x8ntmbv6m5cvo2ile1nvu87o","18045002","Service, Personal Care, Tanning Salons","user_2t7LPELjl3DoCTAUop6S5ONUFVL"
"xcch0tvhkxw89re3nrhuk5h1","17001013","Recreation, Arts and Entertainment, Circuses and Carnivals","user_2t7LPELjl3DoCTAUop6S5ONUFVL"
"xdp9bk1btxbnya5v5vbikem2","22012004","Travel, Lodging, Hostels","user_2t7LPELjl3DoCTAUop6S5ONUFVL"
"xfjijfckxpd3f00h6gmqi3ce","13005021","Food and Drink, Restaurants, Italian","user_2t7LPELjl3DoCTAUop6S5ONUFVL"
"xg4zzp8dbiuxcbama9ktk5a8","19046000","Shops, Sporting Goods","user_2t7LPELjl3DoCTAUop6S5ONUFVL"
"xjbs3cuavic42chq90tlglvw","13005006","Food and Drink, Restaurants, Sushi","user_2t7LPELjl3DoCTAUop6S5ONUFVL"
"xkr4wuhm6onu29wjoy6aeejl","19027000","Shops, Furniture and Home Decor","user_2t7LPELjl3DoCTAUop6S5ONUFVL"
"xmgf31t99c1ytrx4qgypkva7","19020000","Shops, Discount Stores","user_2t7LPELjl3DoCTAUop6S5ONUFVL"
"xmjwbsewtqo91j47old1vg1r","21010006","Transfer, Third Party, Coinbase","user_2t7LPELjl3DoCTAUop6S5ONUFVL"
"xni1ertaqzxsmq3al97u7qy0","19005000","Shops, Automotive","user_2t7LPELjl3DoCTAUop6S5ONUFVL"
"xo7kofw45ncxvookdktl66az","18016000","Service, Employment Agencies","user_2t7LPELjl3DoCTAUop6S5ONUFVL"
"xoajx2r9jgea4pp8t2490c5v","18006009","Service, Automotive, Auto Oil and Lube","user_2t7LPELjl3DoCTAUop6S5ONUFVL"
"xqaj1gl355z2wveagw2lehk2","12018002","Community, Religious, Synagogues","user_2t7LPELjl3DoCTAUop6S5ONUFVL"
"xquf1x8onn9w7s4swp5polq0","17001018","Recreation, Arts and Entertainment, Arcades and Amusement Parks","user_2t7LPELjl3DoCTAUop6S5ONUFVL"
"xsdmdp1dl9496fc6irkhrsse","20001000","Tax, Refund","user_2t7LPELjl3DoCTAUop6S5ONUFVL"
"xu810kxq2smzn4hvcty9zm1s","12009000","Community, Government Departments and Agencies","user_2t7LPELjl3DoCTAUop6S5ONUFVL"
"xysgbu1dt507jb5tm3e2h9oc","15002000","Interest, Interest Charged","user_2t7LPELjl3DoCTAUop6S5ONUFVL"
"xzn1cwkbhmjky7d1a76vxiqk","22013000","Travel, Parking","user_2t7LPELjl3DoCTAUop6S5ONUFVL"
"y019uujdaaqe6k9vd3j7do9s","21010000","Transfer, Third Party","user_2t7LPELjl3DoCTAUop6S5ONUFVL"
"y144g14ism2ofzgr1l3ashhg","19041000","Shops, Pawn Shops","user_2t7LPELjl3DoCTAUop6S5ONUFVL"
"y15cy47s4fhbvd1l01fne57o","18061000","Service, Subscription","user_2t7LPELjl3DoCTAUop6S5ONUFVL"
"y1npfudan0l65y7x48q26ofe","21003000","Transfer, Billpay","user_2t7LPELjl3DoCTAUop6S5ONUFVL"
"y8pb76egt0zp3xw7qlh8mzng","18024022","Service, Home Improvement, Electricians","user_2t7LPELjl3DoCTAUop6S5ONUFVL"
"y92es9pzgcxjhjhl516pz0wy","18000000","Service","user_2t7LPELjl3DoCTAUop6S5ONUFVL"
"yaatymvzjjnmcjelryatfhkn","18067000","Service, Travel Agents and Tour Operators","user_2t7LPELjl3DoCTAUop6S5ONUFVL"
"ybdh91x5tr8570eo4hvovgsc","18052000","Service, Renewable Energy","user_2t7LPELjl3DoCTAUop6S5ONUFVL"
"ycczwfm5cum3bgba92xh4ne9","14002006","Healthcare, Physicians, Pediatricians","user_2t7LPELjl3DoCTAUop6S5ONUFVL"
"ydfciuqxomcv17955rdla9oj","13005001","Food and Drink, Restaurants, Winery","user_2t7LPELjl3DoCTAUop6S5ONUFVL"
"yefipdqu7vvnibbzh8f1kilg","18050009","Service, Real Estate, Apartments, Condos and Houses","user_2t7LPELjl3DoCTAUop6S5ONUFVL"
"yfagm09d8pjytwpkkkuhkudc","13005020","Food and Drink, Restaurants, Japanese","user_2t7LPELjl3DoCTAUop6S5ONUFVL"
"yg3xqwtiw26bojd7mxzav2tz","13004006","Food and Drink, Nightlife, Adult Entertainment","user_2t7LPELjl3DoCTAUop6S5ONUFVL"
"ykvfk2s4q6p7eiz1cil13sst","12008002","Community, Education, Tutoring and Educational Services","user_2t7LPELjl3DoCTAUop6S5ONUFVL"
"yl92r2am27zmfzkp013wpj8a","19014000","Shops, Construction Supplies","user_2t7LPELjl3DoCTAUop6S5ONUFVL"
"ym4tg7my0lpqyd375sy98jyr","19040001","Shops, Outlet, Women's Store","user_2t7LPELjl3DoCTAUop6S5ONUFVL"
"ymiy6wqj5isin92twczh5rc4","17001015","Recreation, Arts and Entertainment, Bowling","user_2t7LPELjl3DoCTAUop6S5ONUFVL"
"yqyu58j0kjly37g66vmmub4x","19043000","Shops, Pharmacies","user_2t7LPELjl3DoCTAUop6S5ONUFVL"
"yrjpfm9un9fjc0a1x2gbvnyv","10004000","Bank Fees, Fraud Dispute","user_2t7LPELjl3DoCTAUop6S5ONUFVL"
"ysoqxp4amigx2k84x7qd9bs4","19039000","Shops, Office Supplies","user_2t7LPELjl3DoCTAUop6S5ONUFVL"
"ytlliishq3poto2zglz3wxfo","21008000","Transfer, Keep the Change Savings Program","user_2t7LPELjl3DoCTAUop6S5ONUFVL"
"yuw3anpnykfwk8yw11tz4zcx","18050007","Service, Real Estate, Building and Land Surveyors","user_2t7LPELjl3DoCTAUop6S5ONUFVL"
"yw44smx934ce1v7ara1wnhpx","15000000","Interest","user_2t7LPELjl3DoCTAUop6S5ONUFVL"
"yx82lztpw4uyr11udc18ld5k","12015000","Community, Organizations and Associations","user_2t7LPELjl3DoCTAUop6S5ONUFVL"
"yxf1xfkzjvm61vwp4b5e5dnk","18050006","Service, Real Estate, Commercial Real Estate","user_2t7LPELjl3DoCTAUop6S5ONUFVL"
"yzgltxqfmhuinicmdbwb7nct","12008007","Community, Education, Culinary Lessons and Schools","user_2t7LPELjl3DoCTAUop6S5ONUFVL"
"z0b354n5ksrpamrunzoj97dm","17001004","Recreation, Arts and Entertainment, Social Clubs","user_2t7LPELjl3DoCTAUop6S5ONUFVL"
"z127wftkuxeamegqe0d3tgar","10005000","Bank Fees, Foreign Transaction","user_2t7LPELjl3DoCTAUop6S5ONUFVL"
"z1plm6646px5f5fjhx0mqak9","21004000","Transfer, Check","user_2t7LPELjl3DoCTAUop6S5ONUFVL"
"z3lwz8g3jx7jz2pdhg36xbdj","14002009","Healthcare, Physicians, Ophthalmologists","user_2t7LPELjl3DoCTAUop6S5ONUFVL"
"z6fc1ktjo9quo7925t5soabi","19050000","Shops, Vintage and Thrift","user_2t7LPELjl3DoCTAUop6S5ONUFVL"
"z6qnj59ed945667ojolws3yu","14001017","Healthcare, Healthcare Services, Acupuncture","user_2t7LPELjl3DoCTAUop6S5ONUFVL"
"z84zapko5ai81myqsyrj7s3f","19032000","Shops, Industrial Supplies","user_2t7LPELjl3DoCTAUop6S5ONUFVL"
"z8qfkllyt0h4rgwybvv449i9","14002007","Healthcare, Physicians, Pathologists","user_2t7LPELjl3DoCTAUop6S5ONUFVL"
"z8z2x431xbq5msbxrp199z65","14001000","Healthcare, Healthcare Services","user_2t7LPELjl3DoCTAUop6S5ONUFVL"
"zco5jbaev27nuibpbk5tv3ma","14002001","Healthcare, Physicians, Urologists","user_2t7LPELjl3DoCTAUop6S5ONUFVL"
"zhnrb83u04lzsbvwlml02t4s","14001010","Healthcare, Healthcare Services, Hospitals, Clinics and Medical Centers","user_2t7LPELjl3DoCTAUop6S5ONUFVL"
"zjopyis7a9zjh8y1dfdiklyv","18050000","Service, Real Estate","user_2t7LPELjl3DoCTAUop6S5ONUFVL"
"zkau634g0rlnk9qnbl1atyya","19024000","Shops, Florists","user_2t7LPELjl3DoCTAUop6S5ONUFVL"
"zn3lkx72o1cvtvcnk0erbywy","18050001","Service, Real Estate, Real Estate Development and Title Companies","user_2t7LPELjl3DoCTAUop6S5ONUFVL"
"zrz0stja0pnmjh4xbn1jjp30","21013000","Transfer, Save As You Go","user_2t7LPELjl3DoCTAUop6S5ONUFVL"
"zsenkp2qpfm9hiriawg9vu53","17027002","Recreation, Parks, Picnic Areas","user_2t7LPELjl3DoCTAUop6S5ONUFVL"
"zsfr2xbnjpcpvnkwm7936bm3","19009000","Shops, Bookstores","user_2t7LPELjl3DoCTAUop6S5ONUFVL"
"zt7zl1gdm5qwqq2wuuj5cq8u","19022000","Shops, Equipment Rental","user_2t7LPELjl3DoCTAUop6S5ONUFVL"
"ztkz5h1m4sfzuzdw0pesal4i","19013001","Shops, Computers and Electronics, Video Games","user_2t7LPELjl3DoCTAUop6S5ONUFVL"
"zu8z81tf9b1684qr4qzu07rk","12008011","Community, Education, Adult Education","user_2t7LPELjl3DoCTAUop6S5ONUFVL"
"zuerfrkqz4et6lcabrus2mxk","19012007","Shops, Clothing and Accessories, Boutique","user_2t7LPELjl3DoCTAUop6S5ONUFVL"
"zukq3a2c3cq8pqrzhatjpobk","21012002","Transfer, Withdrawal, ATM","user_2t7LPELjl3DoCTAUop6S5ONUFVL"
"zwavd4nsjg6o3a7f162q8vz5","10003000","Bank Fees, Late Payment","user_2t7LPELjl3DoCTAUop6S5ONUFVL"
"zx8wxdzpqujbh6t2g5bciqcf","13005026","Food and Drink, Restaurants, German","user_2t7LPELjl3DoCTAUop6S5ONUFVL"